表格 1,victim_AS,start_time,end_time,event_type,label,hijacker_AS,timstamp,timestamp
,22047,2020-01-03 05:48:00,,Outage,3,,1578001680000,1578030480
,22064,2019-10-11 23:09:52,,BGP Leak,2,3910,1570806592000,1570835392
,22087,2019-09-07 07:46:59,,BGP Leak,2,3910,1567813619000,1567842419
,22087,2019-10-11 03:19:13,,BGP Leak,2,3910,1570735153000,1570763953
,22087,2019-11-23 07:51:04,,BGP Leak,2,3910,1574466664000,1574495464
,22087,2020-02-14 00:22:25,,BGP Leak,2,3910,1581610945000,1581639745
,22152,2019-12-04 10:02:00,2019-12-04 10:08:00,Outage,3,,1575424920000,1575453720
,22152,2020-02-11 08:45:00,,Outage,3,,1581381900000,1581410700
,22152,2020-03-04 12:55:00,,Outage,3,,1583297700000,1583326500
,22260,2019-11-01 13:39:59,,BGP Leak,2,40375,1572586799000,1572615599
,22283,2019-09-12 21:40:07,,BGP Leak,2,7991,1568295607000,1568324407
,22283,2019-11-08 03:55:38,,BGP Leak,2,7991,1573156538000,1573185338
,22283,2019-12-13 22:21:13,,BGP Leak,2,7991,1576246873000,1576275673
,22283,2020-01-17 13:09:38,,BGP Leak,2,7991,1579237778000,1579266578
,22283,2020-02-22 17:19:13,,BGP Leak,2,7991,1582363153000,1582391953
,22313,2019-12-01 13:29:00,,Outage,3,,1575178140000,1575206940
,22344,2019-10-29 04:15:11,,BGP Leak,2,3910,1572293711000,1572322511
,22368,2019-11-11 18:16:00,,Outage,3,,1573467360000,1573496160
,22370,2020-01-05 20:25:32,,BGP Leak,2,6979,1578227132000,1578255932
,22400,2019-11-05 08:29:35,,Possible Hijack,1,3223,1572913775000,1572942575
,22418,2020-01-06 04:22:59,,BGP Leak,2,2828,1578255779000,1578284579
,22423,2020-03-04 18:26:00,2020-03-04 19:00:00,Outage,3,,1583317560000,1583346360
,22489,2020-01-03 18:34:41,,Possible Hijack,1,37468,1578047681000,1578076481
,22511,2019-12-02 01:58:39,,BGP Leak,2,19855,1575223119000,1575251919
,22541,2019-09-03 06:29:00,,Outage,3,,1567463340000,1567492140
,22541,2019-11-13 10:27:00,2019-11-13 10:30:00,Outage,3,,1573612020000,1573640820
,22548,2019-12-18 11:14:27,,Possible Hijack,1,3356,1576638867000,1576667667
,22573,2020-01-15 16:23:00,2020-01-15 16:35:00,Outage,3,,1579076580000,1579105380
,22637,2020-01-24 05:02:00,2020-01-24 05:07:00,Outage,3,,1579813320000,1579842120
,22724,2019-12-03 00:11:08,,Possible Hijack,1,32034,1575303068000,1575331868
,22742,2019-11-08 03:54:00,,Outage,3,,1573156440000,1573185240
,22769,2019-11-29 17:54:16,,Possible Hijack,1,266445,1575021256000,1575050056
,22807,2019-11-09 09:55:00,,Outage,3,,1573264500000,1573293300
,22855,2019-11-17 06:13:58,,BGP Leak,2,14639,1573942438000,1573971238
,22905,2019-10-15 04:21:00,,Outage,3,,1571084460000,1571113260
,22907,2019-08-29 19:35:46,,BGP Leak,2,11676,1567078546000,1567107346
,22931,2019-08-30 07:23:58,,BGP Leak,2,16567,1567121038000,1567149838
,23050,2019-12-14 15:39:33,,BGP Leak,2,3910,1576309173000,1576337973
,23151,2019-11-19 01:10:00,2019-11-19 01:16:00,Outage,3,,1574097000000,1574125800
,23201,2019-09-24 02:56:00,2019-09-24 03:00:00,Outage,3,,1569264960000,1569293760
,23201,2019-10-04 08:17:00,2019-10-04 08:24:00,Outage,3,,1570148220000,1570177020
,23201,2019-10-10 14:13:00,2019-10-10 14:34:00,Outage,3,,1570687980000,1570716780
,23201,2019-10-13 10:11:00,2019-10-13 10:20:00,Outage,3,,1570932660000,1570961460
,23201,2019-10-14 02:24:00,2019-10-14 02:30:00,Outage,3,,1570991040000,1571019840
,23201,2019-10-14 16:56:00,,Outage,3,,1571043360000,1571072160
,23201,2019-10-20 18:06:00,2019-10-20 18:13:00,Outage,3,,1571565960000,1571594760
,23201,2019-10-27 23:16:00,2019-10-27 23:25:00,Outage,3,,1572189360000,1572218160
,23380,2020-03-05 03:51:00,,Outage,3,,1583351460000,1583380260
,23497,2019-10-11 21:50:00,2019-10-11 21:53:00,Outage,3,,1570801800000,1570830600
,23497,2019-10-12 07:24:00,2019-10-12 07:27:00,Outage,3,,1570836240000,1570865040
,23498,2020-01-20 06:10:39,,BGP Leak,2,22625,1579471839000,1579500639
,23498,2020-03-03 19:52:22,,BGP Leak,2,22625,1583236342000,1583265142
,23537,2019-12-18 16:08:00,,Outage,3,,1576656480000,1576685280
,23570,2020-02-02 00:08:00,,Outage,3,,1580573280000,1580602080
,23596,2020-03-13 08:08:19,,Possible Hijack,1,24143,1584058099000,1584086899
,23599,2020-03-13 08:08:10,,Possible Hijack,1,24143,1584058090000,1584086890
,23600,2020-03-13 08:08:10,,Possible Hijack,1,24143,1584058090000,1584086890
,23607,2019-09-10 00:17:00,,Outage,3,,1568045820000,1568074620
,23607,2019-10-11 16:47:00,2019-10-11 16:55:00,Outage,3,,1570783620000,1570812420
,23607,2019-10-20 08:35:00,2019-10-20 08:39:00,Outage,3,,1571531700000,1571560500
,23607,2019-11-26 12:35:00,2019-11-26 12:41:00,Outage,3,,1574742900000,1574771700
,23607,2019-12-12 03:40:00,2019-12-12 04:06:00,Outage,3,,1576093200000,1576122000
,23664,2019-12-07 08:27:49,,BGP Leak,2,55644,1575678469000,1575707269
,23664,2020-02-15 03:55:53,,BGP Leak,2,55644,1581710153000,1581738953
,23679,2019-10-03 20:18:40,,BGP Leak,2,7473,1570105120000,1570133920
,23679,2019-11-05 03:34:17,,BGP Leak,2,4809,1572896057000,1572924857
,23900,2019-10-30 14:39:04,,BGP Leak,2,131996,1572417544000,1572446344
,23905,2020-01-27 17:59:50,,BGP Leak,2,,1580119190000,1580147990
,23930,2020-03-02 08:50:23,,Possible Hijack,1,9973,1583110223000,1583139023
,23934,2019-12-09 07:55:00,,Outage,3,,1575849300000,1575878100
,23939,2019-09-08 14:56:00,,Outage,3,,1567925760000,1567954560
,23939,2019-11-25 20:32:00,2019-11-25 20:38:00,Outage,3,,1574685120000,1574713920
,23939,2020-01-03 16:44:00,2020-01-03 16:47:00,Outage,3,,1578041040000,1578069840
,23943,2019-08-30 21:21:00,2019-08-30 21:26:00,Outage,3,,1567171260000,1567200060
,23949,2019-10-14 17:44:00,2019-10-14 17:58:00,Outage,3,,1571046240000,1571075040
,23969,2019-11-29 17:41:57,,Possible Hijack,1,266445,1575020517000,1575049317
,24000,2019-12-18 19:14:00,,Outage,3,,1576667640000,1576696440
,24000,2019-12-27 01:43:16,,Possible Hijack,1,,1577382196000,1577410996
,24088,2020-03-13 03:10:37,,BGP Leak,2,7552,1584040237000,1584069037
,24130,2020-01-25 09:19:23,,Possible Hijack,1,2147483647,1579915163000,1579943963
,24173,2019-11-29 17:39:23,,BGP Leak,2,7552,1575020363000,1575049163
,24173,2020-01-05 04:57:52,,BGP Leak,2,7552,1578171472000,1578200272
,24173,2020-02-15 15:51:00,,BGP Leak,2,7552,1581753060000,1581781860
,24195,2019-09-11 07:40:00,2019-09-11 07:46:00,Outage,3,,1568158800000,1568187600
,24201,2019-11-21 09:23:00,2019-11-21 09:40:00,Outage,3,,1574299380000,1574328180
,24295,2020-02-07 14:36:00,,Outage,3,,1581057360000,1581086160
,24319,2019-09-19 19:31:57,,BGP Leak,2,8359,1568892717000,1568921517
,24323,2020-02-14 13:23:56,,Possible Hijack,1,13335,1581657836000,1581686636
,24342,2020-02-15 10:46:51,,BGP Leak,2,17494,1581734811000,1581763611
,24430,2019-11-05 15:05:00,2019-11-05 17:20:00,Outage,3,,1572937500000,1572966300
,24432,2019-10-12 11:22:17,,BGP Leak,2,58601,1570850537000,1570879337
,24451,2020-02-15 07:18:51,,BGP Leak,2,,1581722331000,1581751131
,24521,2019-11-07 13:20:00,2019-11-07 13:23:00,Outage,3,,1573104000000,1573132800
,24521,2020-03-13 20:48:00,,Outage,3,,1584103680000,1584132480
,24532,2019-08-28 11:08:00,2019-08-28 11:12:00,Outage,3,,1566961680000,1566990480
,24532,2020-01-01 09:40:00,2020-01-01 09:59:00,Outage,3,,1577842800000,1577871600
,24532,2020-01-05 06:32:00,,Outage,3,,1578177120000,1578205920
,24547,2020-02-21 16:15:54,,Possible Hijack,1,263783,1582272954000,1582301754
,24554,2019-11-12 12:27:18,,Possible Hijack,1,136800,1573532838000,1573561638
,24556,2020-01-09 02:16:00,,Outage,3,,1578507360000,1578536160
,24556,2020-02-07 06:22:00,2020-02-07 06:50:00,Outage,3,,1581027720000,1581056520
,24556,2020-02-11 09:35:27,,BGP Leak,2,17494,1581384927000,1581413727
,24599,2019-09-03 12:21:29,,Possible Hijack,1,209119,1567484489000,1567513289
,24745,2019-11-18 11:01:54,,Possible Hijack,1,57344,1574046114000,1574074914
,24768,2019-11-13 15:33:13,,Possible Hijack,1,206119,1573630393000,1573659193
,24824,2019-11-04 14:35:30,,Possible Hijack,1,55002,1572849330000,1572878130
,25099,2020-01-02 20:47:15,,BGP Leak,2,199995,1577969235000,1577998035
,25129,2019-11-05 01:46:00,2019-11-05 01:49:00,Outage,3,,1572889560000,1572918360
,25129,2019-11-16 12:24:00,2019-11-16 12:37:00,Outage,3,,1573878240000,1573907040
,25129,2019-12-25 14:04:00,2019-12-25 14:09:00,Outage,3,,1577253840000,1577282640
,25129,2020-01-11 09:12:00,2020-01-11 09:15:00,Outage,3,,1578705120000,1578733920
,25129,2020-02-27 08:42:00,2020-02-27 08:45:00,Outage,3,,1582764120000,1582792920
,25129,2020-03-03 22:40:00,,Outage,3,,1583246400000,1583275200
,25133,2020-03-03 00:32:00,2020-03-03 00:38:00,Outage,3,,1583166720000,1583195520
,25163,2020-01-20 15:02:59,,BGP Leak,2,36678,1579503779000,1579532579
,25369,2020-02-27 12:38:59,,Possible Hijack,1,35805,1582778339000,1582807139
,25435,2019-12-21 19:23:00,,Outage,3,,1576927380000,1576956180
,25435,2019-12-23 17:25:00,,Outage,3,,1577093100000,1577121900
,25435,2019-12-25 22:15:00,,Outage,3,,1577283300000,1577312100
,25534,2019-09-03 20:30:00,,Outage,3,,1567513800000,1567542600
,25543,2020-01-22 09:40:13,,Possible Hijack,1,29614,1579657213000,1579686013
,25582,2020-01-07 23:17:00,,Outage,3,,1578410220000,1578439020
,25582,2020-01-14 22:42:00,2020-01-14 22:45:00,Outage,3,,1579012920000,1579041720
,25582,2020-01-15 00:57:00,,Outage,3,,1579021020000,1579049820
,25582,2020-01-30 11:37:00,2020-01-30 11:40:00,Outage,3,,1580355420000,1580384220
,25582,2020-03-02 22:04:00,2020-03-02 22:10:00,Outage,3,,1583157840000,1583186640
,25605,2019-12-02 11:52:05,,Possible Hijack,1,13335,1575258725000,1575287525
,25605,2019-12-13 08:23:36,,Possible Hijack,1,54113,1576196616000,1576225416
,25700,2020-02-06 09:02:00,2020-02-06 09:07:00,Outage,3,,1580950920000,1580979720
,25797,2019-09-22 08:25:26,,Possible Hijack,1,55002,1569111926000,1569140726
,25877,2020-01-25 16:20:00,,Outage,3,,1579940400000,1579969200
,25886,2019-09-11 11:04:00,2019-09-11 11:23:00,Outage,3,,1568171040000,1568199840
,25969,2019-11-12 10:31:00,2019-11-12 10:38:00,Outage,3,,1573525860000,1573554660
,25969,2019-12-21 01:33:00,,Outage,3,,1576863180000,1576891980
,26057,2019-12-18 15:43:48,,BGP Leak,2,3910,1576655028000,1576683828
,26077,2020-02-12 09:22:00,2020-02-12 09:26:00,Outage,3,,1581470520000,1581499320
,26130,2019-12-18 05:50:30,,BGP Leak,2,29614,1576619430000,1576648230
,26158,2019-11-09 13:59:40,,BGP Leak,2,3910,1573279180000,1573307980
,26211,2020-02-26 22:48:11,,BGP Leak,2,3910,1582728491000,1582757291
,26271,2019-09-26 05:17:00,,Outage,3,,1569446220000,1569475020
,26380,2020-02-11 19:20:00,,Possible Hijack,1,9121,1581420000000,1581448800
,26496,2019-09-12 17:43:16,,Possible Hijack,1,44273,1568281396000,1568310196
,26556,2019-10-25 02:03:28,,Possible Hijack,1,395800,1571940208000,1571969008
,26556,2020-01-11 03:01:00,2020-01-11 03:06:00,Outage,3,,1578682860000,1578711660
,26599,2020-02-21 16:15:54,,Possible Hijack,1,263783,1582272954000,1582301754
,26608,2019-11-12 19:06:00,2019-11-12 19:36:00,Outage,3,,1573556760000,1573585560
,26617,2019-11-02 05:00:00,2019-11-02 06:23:00,Outage,3,,1572642000000,1572670800
,26744,2019-12-20 23:33:00,2019-12-20 23:37:00,Outage,3,,1576855980000,1576884780
,27047,2019-09-10 22:00:00,2019-09-10 22:04:00,Outage,3,,1568124000000,1568152800
,27047,2019-09-21 01:10:00,,Outage,3,,1568999400000,1569028200
,27047,2019-11-08 22:30:00,2019-11-08 22:41:00,Outage,3,,1573223400000,1573252200
,27047,2019-11-10 02:30:00,2019-11-10 02:36:00,Outage,3,,1573324200000,1573353000
,27047,2019-11-23 15:10:00,,Outage,3,,1574493000000,1574521800
,27047,2020-02-29 14:12:00,,Outage,3,,1582956720000,1582985520
,27066,2020-01-29 05:11:34,,BGP Leak,2,27065,1580245894000,1580274694
,27138,2019-10-12 06:45:56,,BGP Leak,2,23679,1570833956000,1570862756
,27138,2019-12-06 19:11:54,,BGP Leak,2,38195,1575630714000,1575659514
,27138,2019-12-10 10:35:54,,Possible Hijack,1,62010,1575945354000,1575974154
,27240,2019-11-03 06:10:59,,BGP Leak,2,29892,1572732659000,1572761459
,27272,2020-02-15 08:18:58,,Possible Hijack,1,1,1581725938000,1581754738
,27288,2019-09-19 00:57:00,,Outage,3,,1568825820000,1568854620
,27310,2020-01-20 19:49:00,2020-01-20 19:57:00,Outage,3,,1579520940000,1579549740
,27310,2020-01-22 17:02:00,2020-01-22 17:05:00,Outage,3,,1579683720000,1579712520
,27338,2020-03-12 19:45:00,,Outage,3,,1584013500000,1584042300
,27375,2019-09-11 05:11:48,,BGP Leak,2,12042,1568149908000,1568178708
,27375,2019-11-19 06:32:14,,BGP Leak,2,12042,1574116334000,1574145134
,27375,2020-01-20 19:19:49,,BGP Leak,2,25694,1579519189000,1579547989
,27385,2019-11-12 22:24:53,,BGP Leak,2,3910,1573568693000,1573597493
,27487,2019-09-22 22:55:22,,BGP Leak,2,3910,1569164122000,1569192922
,27487,2020-02-23 00:54:19,,BGP Leak,2,3910,1582390459000,1582419259
,27653,2019-09-01 02:48:00,,Outage,3,,1567277280000,1567306080
,27653,2019-09-01 09:23:00,,Outage,3,,1567300980000,1567329780
,27653,2019-11-06 06:11:00,,Outage,3,,1572991860000,1573020660
,27653,2019-11-13 02:49:00,,Outage,3,,1573584540000,1573613340
,27672,2020-03-04 08:13:00,,Outage,3,,1583280780000,1583309580
,27699,2020-03-04 02:45:00,,Outage,3,,1583261100000,1583289900
,27708,2019-11-28 19:50:00,,Outage,3,,1574941800000,1574970600
,27715,2019-10-02 22:41:00,2019-10-02 22:54:00,Outage,3,,1570027260000,1570056060
,27727,2019-12-13 03:50:00,,Outage,3,,1576180200000,1576209000
,27751,2019-12-29 12:48:00,,Outage,3,,1577594880000,1577623680
,27754,2019-11-10 13:23:00,2019-11-10 13:26:00,Outage,3,,1573363380000,1573392180
,27761,2020-03-09 06:37:00,,Outage,3,,1583707020000,1583735820
,27823,2019-08-30 08:20:00,2019-08-30 08:24:00,Outage,3,,1567124400000,1567153200
,27828,2019-12-09 07:40:00,,Outage,3,,1575848400000,1575877200
,27828,2019-12-21 16:20:00,,Outage,3,,1576916400000,1576945200
,27837,2020-01-14 15:49:00,,Outage,3,,1578988140000,1579016940
,27902,2019-11-03 14:26:00,2019-11-03 14:32:00,Outage,3,,1572762360000,1572791160
,27902,2019-11-16 13:50:00,2019-11-16 13:53:00,Outage,3,,1573883400000,1573912200
,27902,2020-02-28 21:41:00,2020-02-28 21:44:00,Outage,3,,1582897260000,1582926060
,27924,2019-11-22 01:29:00,2019-11-22 01:33:00,Outage,3,,1574357340000,1574386140
,27964,2020-01-22 11:33:00,,Outage,3,,1579663980000,1579692780
,27964,2020-02-01 15:00:00,,Outage,3,,1580540400000,1580569200
,27975,2019-12-09 02:13:00,,Outage,3,,1575828780000,1575857580
,27976,2019-09-02 20:32:00,2019-09-02 20:35:00,Outage,3,,1567427520000,1567456320
,27996,2019-11-20 17:57:00,,Outage,3,,1574243820000,1574272620
,27996,2020-03-03 08:00:00,2020-03-03 08:03:00,Outage,3,,1583193600000,1583222400
,28025,2019-09-08 00:37:00,,Outage,3,,1567874220000,1567903020
,28025,2020-02-27 15:54:00,2020-02-27 15:58:00,Outage,3,,1582790040000,1582818840
,28025,2020-02-28 06:35:00,2020-02-28 06:39:00,Outage,3,,1582842900000,1582871700
,28025,2020-03-05 16:29:00,2020-03-05 17:05:00,Outage,3,,1583396940000,1583425740
,28038,2020-01-22 20:46:11,,Possible Hijack,1,52320,1579697171000,1579725971
,28098,2019-12-12 12:30:00,,Outage,3,,1576125000000,1576153800
,28098,2020-02-06 03:47:00,,Outage,3,,1580932020000,1580960820
,28100,2020-03-12 00:34:00,,Outage,3,,1583944440000,1583973240
,28103,2019-11-18 02:27:00,2019-11-18 02:30:00,Outage,3,,1574015220000,1574044020
,28130,2019-12-04 16:43:00,2019-12-04 17:21:00,Outage,3,,1575448980000,1575477780
,28130,2020-01-27 19:07:00,,Outage,3,,1580123220000,1580152020
,28130,2020-01-28 07:36:00,,Outage,3,,1580168160000,1580196960
,28137,2019-10-10 07:55:00,,Outage,3,,1570665300000,1570694100
,28137,2020-02-26 22:21:00,2020-02-26 22:42:00,Outage,3,,1582726860000,1582755660
,28139,2019-09-10 07:55:00,2019-09-10 07:58:00,Outage,3,,1568073300000,1568102100
,28139,2020-02-09 14:32:00,,Outage,3,,1581229920000,1581258720
,28139,2020-02-20 21:09:00,,Outage,3,,1582204140000,1582232940
,28191,2020-01-27 19:20:00,2020-01-27 19:23:00,Outage,3,,1580124000000,1580152800
,28220,2019-09-16 17:20:00,,Possible Hijack,1,3816,1568625600000,1568654400
,28224,2020-02-12 20:40:00,,Outage,3,,1581511200000,1581540000
,28224,2020-02-19 16:16:00,,Outage,3,,1582100160000,1582128960
,28224,2020-02-22 23:50:00,,Outage,3,,1582386600000,1582415400
,28224,2020-02-26 22:21:00,2020-02-26 22:31:00,Outage,3,,1582726860000,1582755660
,28224,2020-02-27 18:16:00,,Outage,3,,1582798560000,1582827360
,28232,2019-12-08 00:54:14,,Possible Hijack,1,52320,1575737654000,1575766454
,28238,2020-01-07 05:20:00,2020-01-07 05:34:00,Outage,3,,1578345600000,1578374400
,28258,2020-02-26 22:21:00,2020-02-26 22:35:00,Outage,3,,1582726860000,1582755660
,28262,2020-01-03 16:00:28,,Possible Hijack,1,37468,1578038428000,1578067228
,28263,2020-01-31 16:51:47,,BGP Leak,2,28663,1580460707000,1580489507
,28270,2019-12-30 12:49:00,,Outage,3,,1577681340000,1577710140
,28284,2020-01-18 18:14:43,,BGP Leak,2,37468,1579342483000,1579371283
,28306,2020-01-26 16:06:00,2020-01-26 16:20:00,Outage,3,,1580025960000,1580054760
,28333,2020-01-08 17:54:00,2020-01-08 17:59:00,Outage,3,,1578477240000,1578506040
,28335,2019-09-22 13:33:00,,BGP Leak,2,28663,1569130380000,1569159180
,28338,2019-10-23 08:36:44,,BGP Leak,2,28663,1571791004000,1571819804
,28352,2019-09-09 07:47:00,,Outage,3,,1567986420000,1568015220
,28352,2019-11-12 07:00:00,2019-11-12 07:16:00,Outage,3,,1573513200000,1573542000
,28352,2019-11-13 01:28:00,,Outage,3,,1573579680000,1573608480
,28366,2019-10-31 12:31:00,2019-10-31 12:34:00,Outage,3,,1572496260000,1572525060
,28366,2019-12-06 18:03:00,2019-12-06 18:07:00,Outage,3,,1575626580000,1575655380
,28366,2019-12-07 21:25:00,2019-12-07 22:02:00,Outage,3,,1575725100000,1575753900
,28366,2019-12-15 03:08:00,,Outage,3,,1576350480000,1576379280
,28366,2019-12-22 20:10:00,,Outage,3,,1577016600000,1577045400
,28366,2020-01-14 01:45:00,,Outage,3,,1578937500000,1578966300
,28368,2020-01-24 16:10:00,,Outage,3,,1579853400000,1579882200
,28370,2019-09-09 23:07:00,,Outage,3,,1568041620000,1568070420
,28370,2019-11-07 09:41:00,,Outage,3,,1573090860000,1573119660
,28370,2019-11-08 05:03:00,2019-11-08 05:10:00,Outage,3,,1573160580000,1573189380
,28370,2019-11-08 13:15:00,,Outage,3,,1573190100000,1573218900
,28370,2019-12-20 19:25:00,2019-12-20 19:29:00,Outage,3,,1576841100000,1576869900
,28370,2019-12-30 20:26:00,,Outage,3,,1577708760000,1577737560
,28370,2020-02-02 03:31:00,,Outage,3,,1580585460000,1580614260
,28370,2020-02-02 07:22:00,,Outage,3,,1580599320000,1580628120
,28370,2020-02-26 22:21:00,2020-02-26 22:31:00,Outage,3,,1582726860000,1582755660
,28417,2019-11-01 06:13:00,,Outage,3,,1572559980000,1572588780
,28417,2019-11-05 06:32:00,2019-11-05 06:37:00,Outage,3,,1572906720000,1572935520
,28417,2020-02-18 06:26:00,2020-02-18 06:32:00,Outage,3,,1581978360000,1582007160
,28526,2019-11-29 06:29:00,2019-11-29 06:39:00,Outage,3,,1574980140000,1575008940
,28526,2019-12-02 21:41:00,2019-12-02 21:49:00,Outage,3,,1575294060000,1575322860
,28526,2019-12-08 01:14:00,,Outage,3,,1575738840000,1575767640
,28526,2019-12-08 09:04:00,,Outage,3,,1575767040000,1575795840
,28526,2019-12-09 08:40:00,2019-12-09 09:03:00,Outage,3,,1575852000000,1575880800
,28526,2019-12-11 06:32:00,,Outage,3,,1576017120000,1576045920
,28526,2020-01-11 00:53:00,,Outage,3,,1578675180000,1578703980
,28541,2019-09-03 08:54:00,2019-09-03 08:58:00,Outage,3,,1567472040000,1567500840
,28541,2019-09-24 11:57:00,,Outage,3,,1569297420000,1569326220
,28541,2020-01-21 23:05:00,2020-01-21 23:21:00,Outage,3,,1579619100000,1579647900
,28549,2020-03-14 18:57:00,,Outage,3,,1584183420000,1584212220
,28552,2019-09-28 23:37:00,,Outage,3,,1569685020000,1569713820
,28572,2019-12-05 03:49:00,2019-12-05 04:00:00,Outage,3,,1575488940000,1575517740
,28573,2020-01-03 18:34:41,,Possible Hijack,1,37468,1578047681000,1578076481
,28581,2020-03-04 02:45:00,,Outage,3,,1583261100000,1583289900
,28584,2020-03-04 11:15:00,2020-03-04 11:19:00,Outage,3,,1583291700000,1583320500
,28627,2019-12-10 05:08:00,2019-12-10 05:11:00,Outage,3,,1575925680000,1575954480
,28637,2019-10-30 03:17:02,,Possible Hijack,1,2,1572376622000,1572405422
,28638,2019-08-30 17:30:00,,Outage,3,,1567157400000,1567186200
,28640,2019-10-14 17:49:00,2019-10-14 17:52:00,Outage,3,,1571046540000,1571075340
,28641,2019-09-20 08:52:00,2019-09-20 10:05:00,Outage,3,,1568940720000,1568969520
,28641,2019-10-11 15:35:00,,Outage,3,,1570779300000,1570808100
,28645,2019-11-05 20:42:00,,Outage,3,,1572957720000,1572986520
,28645,2019-11-07 00:28:00,2019-11-07 00:31:00,Outage,3,,1573057680000,1573086480
,28645,2020-01-31 21:02:00,,Outage,3,,1580475720000,1580504520
,28683,2019-10-09 15:02:00,,Outage,3,,1570604520000,1570633320
,28683,2019-12-09 09:01:00,2019-12-09 09:04:00,Outage,3,,1575853260000,1575882060
,28684,2020-01-22 12:22:00,,Outage,3,,1579666920000,1579695720
,28698,2020-02-20 22:16:00,2020-02-20 22:21:00,Outage,3,,1582208160000,1582236960
,28698,2020-02-25 09:21:00,,Outage,3,,1582593660000,1582622460
,28745,2019-09-23 21:24:00,2019-09-23 21:33:00,Outage,3,,1569245040000,1569273840
,28795,2020-02-26 09:55:44,,BGP Leak,2,28795,1582682144000,1582710944
,28907,2019-09-02 14:23:00,,Outage,3,,1567405380000,1567434180
,28909,2020-03-12 22:09:00,2020-03-12 22:12:00,Outage,3,,1584022140000,1584050940
,28959,2019-09-11 13:21:30,,BGP Leak,2,7473,1568179290000,1568208090
,28959,2019-11-08 16:10:13,,BGP Leak,2,7473,1573200613000,1573229413
,29337,2019-08-30 19:33:00,,Outage,3,,1567164780000,1567193580
,29337,2020-02-01 05:15:00,,Outage,3,,1580505300000,1580534100
,29384,2020-02-29 20:47:23,,BGP Leak,2,8781,1582980443000,1583009243
,29405,2019-10-21 13:51:26,,Possible Hijack,1,43789,1571637086000,1571665886
,29520,2019-09-15 15:10:00,,Outage,3,,1568531400000,1568560200
,29520,2019-12-15 10:28:00,,Outage,3,,1576376880000,1576405680
,29520,2020-01-16 19:36:00,2020-01-16 19:39:00,Outage,3,,1579174560000,1579203360
,29520,2020-02-18 20:27:00,2020-02-18 20:30:00,Outage,3,,1582028820000,1582057620
,29544,2020-03-11 23:26:01,,BGP Leak,2,36974,1583940361000,1583969161
,29551,2020-01-05 22:36:00,,Outage,3,,1578234960000,1578263760
,29571,2019-11-05 03:00:00,2019-11-05 03:04:00,Outage,3,,1572894000000,1572922800
,29577,2020-02-05 08:51:00,2020-02-05 08:54:00,Outage,3,,1580863860000,1580892660
,29584,2020-01-31 01:41:00,2020-01-31 02:05:00,Outage,3,,1580406060000,1580434860
,29674,2020-01-23 14:49:00,,BGP Leak,2,29614,1579762140000,1579790940
,29684,2019-10-14 15:30:39,,Possible Hijack,1,6453,1571038239000,1571067039
,29821,2019-11-06 05:16:08,,BGP Leak,2,3910,1572988568000,1573017368
,29866,2020-03-05 05:06:00,,Outage,3,,1583355960000,1583384760
,29976,2019-12-05 00:28:56,,BGP Leak,2,3910,1575476936000,1575505736
,30243,2019-11-08 22:13:00,,Outage,3,,1573222380000,1573251180
,30380,2020-02-13 19:11:40,,BGP Leak,2,13415,1581592300000,1581621100
,30407,2019-10-11 04:21:00,2019-10-11 04:24:00,Outage,3,,1570738860000,1570767660
,30466,2019-11-01 20:54:13,,BGP Leak,2,5769,1572612853000,1572641653
,30619,2020-02-21 23:13:00,,Outage,3,,1582297980000,1582326780
,30619,2020-02-22 08:37:00,,Outage,3,,1582331820000,1582360620
,30619,2020-02-22 18:05:00,,Outage,3,,1582365900000,1582394700
,30619,2020-02-23 08:33:00,,Outage,3,,1582417980000,1582446780
,30633,2019-08-31 12:40:00,,Outage,3,,1567226400000,1567255200
,30664,2019-09-25 05:31:09,,BGP Leak,2,3910,1569360669000,1569389469
,30712,2019-12-21 14:12:00,2019-12-21 14:18:00,Outage,3,,1576908720000,1576937520
,30733,2019-12-05 07:02:00,2019-12-05 07:09:00,Outage,3,,1575500520000,1575529320
,30749,2019-10-13 23:16:00,,Outage,3,,1570979760000,1571008560
,30873,2020-02-09 12:11:00,,Outage,3,,1581221460000,1581250260
,30886,2019-08-28 21:28:00,,Outage,3,,1566998880000,1567027680
,30886,2019-11-01 19:02:00,,Outage,3,,1572606120000,1572634920
,30886,2019-11-02 09:30:00,,Outage,3,,1572658200000,1572687000
,30886,2019-11-16 20:09:00,,Outage,3,,1573906140000,1573934940
,30886,2019-11-27 10:21:00,,Outage,3,,1574821260000,1574850060
,30886,2019-11-28 03:17:00,,Outage,3,,1574882220000,1574911020
,30886,2019-12-18 02:20:00,,Outage,3,,1576606800000,1576635600
,30886,2019-12-31 14:24:00,,Outage,3,,1577773440000,1577802240
,30982,2019-08-30 11:28:00,,Outage,3,,1567135680000,1567164480
,30982,2019-09-02 10:53:00,2019-09-02 10:56:00,Outage,3,,1567392780000,1567421580
,30982,2019-09-08 11:12:00,,Outage,3,,1567912320000,1567941120
,30982,2019-09-09 13:31:00,,Outage,3,,1568007060000,1568035860
,30982,2019-11-01 10:44:00,,Outage,3,,1572576240000,1572605040
,30982,2019-11-10 19:14:00,,Outage,3,,1573384440000,1573413240
,30982,2019-11-13 11:40:00,,Outage,3,,1573616400000,1573645200
,30982,2019-11-14 04:40:00,,Outage,3,,1573677600000,1573706400
,30982,2019-11-15 16:22:00,2019-11-15 16:24:00,Outage,3,,1573806120000,1573834920
,30982,2019-11-17 09:51:00,2019-11-17 09:54:00,Outage,3,,1573955460000,1573984260
,30982,2019-11-17 13:13:00,,Outage,3,,1573967580000,1573996380
,30982,2019-11-21 11:02:00,,Outage,3,,1574305320000,1574334120
,30982,2019-12-30 18:24:00,2019-12-30 18:46:00,Outage,3,,1577701440000,1577730240
,30982,2020-01-06 17:05:00,2020-01-06 17:19:00,Outage,3,,1578301500000,1578330300
,30982,2020-01-09 08:50:00,,Outage,3,,1578531000000,1578559800
,30982,2020-01-11 16:48:00,,Outage,3,,1578732480000,1578761280
,30982,2020-01-17 19:33:00,2020-01-17 19:36:00,Outage,3,,1579260780000,1579289580
,30982,2020-01-18 00:17:00,,Outage,3,,1579277820000,1579306620
,30982,2020-01-18 14:56:00,2020-01-18 15:02:00,Outage,3,,1579330560000,1579359360
,30982,2020-01-19 00:51:00,,Outage,3,,1579366260000,1579395060
,30982,2020-01-20 02:10:00,,Outage,3,,1579457400000,1579486200
,30982,2020-01-23 07:47:00,2020-01-23 07:55:00,Outage,3,,1579736820000,1579765620
,30982,2020-01-24 10:47:00,,Outage,3,,1579834020000,1579862820
,30982,2020-01-24 19:50:00,,Outage,3,,1579866600000,1579895400
,30982,2020-01-24 22:16:00,,Outage,3,,1579875360000,1579904160
,30982,2020-01-25 05:44:00,2020-01-25 05:47:00,Outage,3,,1579902240000,1579931040
,30982,2020-01-27 10:29:00,,Outage,3,,1580092140000,1580120940
,30982,2020-01-28 00:43:00,2020-01-28 02:03:00,Outage,3,,1580143380000,1580172180
,30982,2020-01-28 22:42:00,2020-01-28 23:03:00,Outage,3,,1580222520000,1580251320
,30982,2020-03-08 17:06:00,2020-03-08 17:15:00,Outage,3,,1583658360000,1583687160
,30986,2019-11-06 03:39:59,,BGP Leak,2,29614,1572982799000,1573011599
,30992,2019-12-17 20:27:19,,Possible Hijack,1,262725,1576585639000,1576614439
,30992,2020-02-17 11:23:00,2020-02-17 11:30:00,Outage,3,,1581909780000,1581938580
,30992,2020-02-21 16:15:54,,Possible Hijack,1,12127,1582272954000,1582301754
,30993,2019-10-10 12:36:00,2019-10-10 14:37:00,Outage,3,,1570682160000,1570710960
,31029,2019-09-14 03:38:00,,Outage,3,,1568403480000,1568432280
,31029,2019-11-04 10:54:00,,Outage,3,,1572836040000,1572864840
,31029,2019-12-13 16:44:00,2019-12-13 17:17:00,Outage,3,,1576226640000,1576255440
,31029,2019-12-27 22:16:00,,Outage,3,,1577456160000,1577484960
,31029,2020-02-06 09:06:00,2020-02-06 09:17:00,Outage,3,,1580951160000,1580979960
,31102,2019-10-26 02:59:00,2019-10-26 03:03:00,Outage,3,,1572029940000,1572058740
,31102,2019-11-16 13:03:00,2019-11-16 13:17:00,Outage,3,,1573880580000,1573909380
,31102,2020-02-01 11:06:00,,Outage,3,,1580526360000,1580555160
,31102,2020-03-08 08:40:00,,Outage,3,,1583628000000,1583656800
,31147,2019-11-18 13:29:00,,Outage,3,,1574054940000,1574083740
,31250,2020-01-31 01:43:00,2020-01-31 01:50:00,Outage,3,,1580406180000,1580434980
,31293,2019-11-05 13:06:00,2019-11-05 13:09:00,Outage,3,,1572930360000,1572959160
,31293,2019-11-09 13:20:00,2019-11-09 13:26:00,Outage,3,,1573276800000,1573305600
,31293,2019-11-13 16:48:00,2019-11-13 16:52:00,Outage,3,,1573634880000,1573663680
,31293,2019-11-27 05:00:00,2019-11-27 05:06:00,Outage,3,,1574802000000,1574830800
,31293,2019-11-29 16:44:00,2019-11-29 16:48:00,Outage,3,,1575017040000,1575045840
,31293,2019-12-07 18:47:00,2019-12-07 18:55:00,Outage,3,,1575715620000,1575744420
,31293,2019-12-09 06:02:00,2019-12-09 06:07:00,Outage,3,,1575842520000,1575871320
,31293,2019-12-17 07:43:00,2019-12-17 07:49:00,Outage,3,,1576539780000,1576568580
,31293,2019-12-18 15:36:00,,Outage,3,,1576654560000,1576683360
,31293,2019-12-23 12:52:00,2019-12-23 12:58:00,Outage,3,,1577076720000,1577105520
,31293,2019-12-23 19:32:00,,Outage,3,,1577100720000,1577129520
,31293,2019-12-24 09:43:00,2019-12-24 09:48:00,Outage,3,,1577151780000,1577180580
,31293,2019-12-24 15:55:00,,Outage,3,,1577174100000,1577202900
,31293,2019-12-26 19:25:00,2019-12-26 19:28:00,Outage,3,,1577359500000,1577388300
,31293,2019-12-29 08:44:00,2019-12-29 08:49:00,Outage,3,,1577580240000,1577609040
,31293,2019-12-29 16:10:00,2019-12-29 16:15:00,Outage,3,,1577607000000,1577635800
,31293,2020-01-04 18:12:00,2020-01-04 18:19:00,Outage,3,,1578132720000,1578161520
,31293,2020-01-06 19:54:00,2020-01-06 20:01:00,Outage,3,,1578311640000,1578340440
,31293,2020-01-07 16:57:00,,Outage,3,,1578387420000,1578416220
,31293,2020-01-08 06:50:00,2020-01-08 06:59:00,Outage,3,,1578437400000,1578466200
,31293,2020-01-12 01:10:00,2020-01-12 01:16:00,Outage,3,,1578762600000,1578791400
,31293,2020-01-18 05:06:00,2020-01-18 05:11:00,Outage,3,,1579295160000,1579323960
,31293,2020-01-23 02:24:00,2020-01-23 02:30:00,Outage,3,,1579717440000,1579746240
,31293,2020-01-26 00:57:00,,Outage,3,,1579971420000,1580000220
,31293,2020-01-27 09:24:00,2020-01-27 09:30:00,Outage,3,,1580088240000,1580117040
,31293,2020-01-29 06:02:00,2020-01-29 06:08:00,Outage,3,,1580248920000,1580277720
,31293,2020-01-29 19:40:00,2020-01-29 19:47:00,Outage,3,,1580298000000,1580326800
,31293,2020-02-01 01:41:00,2020-02-01 01:46:00,Outage,3,,1580492460000,1580521260
,31293,2020-02-06 23:32:00,2020-02-06 23:37:00,Outage,3,,1581003120000,1581031920
,31293,2020-02-10 09:48:00,2020-02-10 09:52:00,Outage,3,,1581299280000,1581328080
,31293,2020-02-14 00:29:00,2020-02-14 00:36:00,Outage,3,,1581611340000,1581640140
,31323,2020-01-19 23:28:00,,Outage,3,,1579447680000,1579476480
,31334,2019-10-10 08:54:00,,Outage,3,,1570668840000,1570697640
,31334,2020-02-14 10:01:00,,Outage,3,,1581645660000,1581674460
,31368,2019-08-29 19:21:00,2019-08-29 19:24:00,Outage,3,,1567077660000,1567106460
,31408,2019-11-29 17:41:58,,Possible Hijack,1,266445,1575020518000,1575049318
,31549,2019-11-17 11:26:00,2019-11-17 11:39:00,Outage,3,,1573961160000,1573989960
,31549,2020-03-03 00:43:00,2020-03-03 01:32:00,Outage,3,,1583167380000,1583196180
,31863,2019-10-30 01:17:00,2019-10-30 01:39:00,Outage,3,,1572369420000,1572398220
,31898,2020-01-03 18:34:41,,Possible Hijack,1,37468,1578047681000,1578076481
,32001,2019-12-14 07:16:28,,BGP Leak,2,18851,1576278988000,1576307788
,32001,2020-01-24 15:43:24,,BGP Leak,2,18851,1579851804000,1579880604
,32040,2019-12-29 03:23:00,2019-12-29 03:28:00,Outage,3,,1577560980000,1577589780
,32068,2019-09-20 05:21:00,,Outage,3,,1568928060000,1568956860
,32098,2020-02-07 18:46:05,,Possible Hijack,1,32505,1581072365000,1581101165
,32134,2019-11-16 17:51:14,,BGP Leak,2,3910,1573897874000,1573926674
,32181,2019-10-09 21:39:44,,BGP Leak,2,3216,1570628384000,1570657184
,32361,2020-02-19 01:30:00,,BGP Leak,2,21320,1582047000000,1582075800
,32363,2019-09-21 10:48:00,2019-09-21 13:49:00,Outage,3,,1569034080000,1569062880
,32363,2019-09-21 13:27:00,2019-09-21 13:49:00,Outage,3,,1569043620000,1569072420
,32382,2019-11-25 08:27:01,,BGP Leak,2,11676,1574641621000,1574670421
,32382,2020-01-01 02:47:31,,BGP Leak,2,11676,1577818051000,1577846851
,32398,2020-02-06 16:33:00,,Outage,3,,1580977980000,1581006780
,32437,2020-01-21 22:00:00,,Outage,3,,1579615200000,1579644000
,32630,2019-11-13 17:14:34,,BGP Leak,2,12042,1573636474000,1573665274
,32727,2019-10-17 11:55:26,,Possible Hijack,1,6233,1571284526000,1571313326
,32757,2020-02-27 08:20:00,2020-02-27 08:29:00,Outage,3,,1582762800000,1582791600
,32787,2020-03-11 05:41:38,,Possible Hijack,1,3758,1583876498000,1583905298
,32855,2020-02-26 05:10:00,,Outage,3,,1582665000000,1582693800
,32869,2020-03-05 07:02:00,2020-03-05 07:17:00,Outage,3,,1583362920000,1583391720
,33004,2020-01-09 05:53:00,2020-01-09 05:56:00,Outage,3,,1578520380000,1578549180
,33044,2020-01-07 23:15:43,,BGP Leak,2,40867,1578410143000,1578438943
,33171,2019-09-25 05:48:00,,Outage,3,,1569361680000,1569390480
,33171,2019-11-08 17:40:00,2019-11-08 17:48:00,Outage,3,,1573206000000,1573234800
,33171,2019-11-13 21:25:00,2019-11-13 21:34:00,Outage,3,,1573651500000,1573680300
,33512,2019-11-04 21:59:40,,BGP Leak,2,3910,1572875980000,1572904780
,33631,2019-08-29 07:06:00,2019-08-29 07:12:00,Outage,3,,1567033560000,1567062360
,33631,2019-10-10 03:38:00,,Outage,3,,1570649880000,1570678680
,33631,2019-10-23 17:13:00,2019-10-23 17:18:00,Outage,3,,1571821980000,1571850780
,33657,2019-09-05 20:16:22,,Possible Hijack,1,8553,1567685782000,1567714582
,33657,2019-12-20 05:07:00,,Outage,3,,1576789620000,1576818420
,33657,2020-03-09 16:11:24,,Possible Hijack,1,41725,1583741484000,1583770284
,33734,2019-10-11 18:57:00,2019-10-11 19:23:00,Outage,3,,1570791420000,1570820220
,33734,2019-12-17 02:32:00,,Outage,3,,1576521120000,1576549920
,33734,2020-01-29 04:04:00,,Outage,3,,1580241840000,1580270640
,33734,2020-02-04 12:16:00,,Outage,3,,1580789760000,1580818560
,33734,2020-02-25 10:37:00,,Outage,3,,1582598220000,1582627020
,33749,2019-10-14 14:52:00,2019-10-14 15:21:00,Outage,3,,1571035920000,1571064720
,33765,2019-11-21 08:26:00,2019-11-21 08:43:00,Outage,3,,1574295960000,1574324760
,33765,2019-11-30 18:35:00,2019-11-30 18:39:00,Outage,3,,1575110100000,1575138900
,33765,2019-12-11 20:17:00,,Outage,3,,1576066620000,1576095420
,33765,2019-12-17 07:21:00,,Outage,3,,1576538460000,1576567260
,33765,2020-03-14 08:50:00,,Outage,3,,1584147000000,1584175800
,33785,2019-09-01 12:12:00,,Outage,3,,1567311120000,1567339920
,33785,2019-09-30 13:57:00,,Outage,3,,1569823020000,1569851820
,33785,2019-11-17 08:23:00,2019-11-17 08:33:00,Outage,3,,1573950180000,1573978980
,33785,2019-11-25 10:31:00,,Outage,3,,1574649060000,1574677860
,33785,2020-01-15 21:43:00,2020-01-15 21:46:00,Outage,3,,1579095780000,1579124580
,33785,2020-01-16 12:23:00,2020-01-16 12:37:00,Outage,3,,1579148580000,1579177380
,33785,2020-01-28 13:00:00,2020-01-28 13:09:00,Outage,3,,1580187600000,1580216400
,33785,2020-02-19 12:47:00,2020-02-19 12:58:00,Outage,3,,1582087620000,1582116420
,33785,2020-03-08 08:17:00,2020-03-08 08:30:00,Outage,3,,1583626620000,1583655420
,33786,2020-01-22 17:28:00,,Outage,3,,1579685280000,1579714080
,33819,2019-09-18 05:53:00,2019-09-18 05:56:00,Outage,3,,1568757180000,1568785980
,33819,2019-09-19 04:05:00,2019-09-19 04:14:00,Outage,3,,1568837100000,1568865900
,33905,2019-09-19 19:31:57,,BGP Leak,2,8359,1568892717000,1568921517
,33905,2019-11-24 08:58:55,,BGP Leak,2,12389,1574557135000,1574585935
,33977,2019-11-05 01:03:00,,Outage,3,,1572886980000,1572915780
,33983,2019-12-21 02:37:00,,Outage,3,,1576867020000,1576895820
,34078,2020-01-28 16:26:00,,Outage,3,,1580199960000,1580228760
,34078,2020-02-16 09:04:00,,Outage,3,,1581815040000,1581843840
,34078,2020-03-03 00:42:00,2020-03-03 01:32:00,Outage,3,,1583167320000,1583196120
,34164,2019-11-22 12:29:29,,Possible Hijack,1,5432,1574396969000,1574425769
,34164,2020-02-04 17:12:51,,Possible Hijack,1,852,1580807571000,1580836371
,34164,2020-02-29 01:52:36,,Possible Hijack,1,16735,1582912356000,1582941156
,34337,2019-11-14 23:03:00,2019-11-14 23:21:00,Outage,3,,1573743780000,1573772580
,34337,2019-12-18 00:03:00,,Outage,3,,1576598580000,1576627380
,34409,2019-10-15 08:13:05,,Possible Hijack,1,204534,1571098385000,1571127185
,34487,2020-01-02 13:00:53,,Possible Hijack,1,34819,1577941253000,1577970053
,34547,2019-12-03 10:00:00,2019-12-03 10:07:00,Outage,3,,1575338400000,1575367200
,34572,2020-01-09 14:55:31,,Possible Hijack,1,34542,1578552931000,1578581731
,34577,2019-12-01 10:19:31,,Possible Hijack,1,35761,1575166771000,1575195571
,34584,2019-12-17 03:07:00,,Outage,3,,1576523220000,1576552020
,34586,2019-12-19 17:10:58,,Possible Hijack,1,41265,1576746658000,1576775458
,34661,2019-11-15 07:37:00,,Outage,3,,1573774620000,1573803420
,34661,2019-11-15 15:23:00,,Outage,3,,1573802580000,1573831380
,34665,2020-02-07 16:32:30,,Possible Hijack,1,53078,1581064350000,1581093150
,34674,2019-09-16 04:36:13,,BGP Leak,2,,1568579773000,1568608573
,34674,2019-11-16 20:51:01,,BGP Leak,2,,1573908661000,1573937461
,34690,2019-11-14 01:40:36,,Possible Hijack,1,35048,1573666836000,1573695636
,34797,2019-12-03 06:48:00,2019-12-03 06:52:00,Outage,3,,1575326880000,1575355680
,34854,2019-11-17 23:01:00,,Outage,3,,1574002860000,1574031660
,34962,2019-09-01 02:19:19,,Possible Hijack,1,50673,1567275559000,1567304359
,34984,2019-12-16 12:40:10,,Possible Hijack,1,208821,1576471210000,1576500010
,35039,2019-11-24 20:06:01,,BGP Leak,2,395949,1574597161000,1574625961
,35039,2020-02-07 19:15:52,,BGP Leak,2,395949,1581074152000,1581102952
,35061,2020-02-22 01:14:49,,Possible Hijack,1,25394,1582305289000,1582334089
,35074,2020-02-21 08:16:00,,Outage,3,,1582244160000,1582272960
,35141,2019-10-11 09:28:00,,Outage,3,,1570757280000,1570786080
,35141,2019-11-13 11:23:00,,Outage,3,,1573615380000,1573644180
,35141,2019-11-28 12:45:00,,Outage,3,,1574916300000,1574945100
,35141,2020-01-20 12:27:00,,Outage,3,,1579494420000,1579523220
,35313,2019-09-06 22:58:49,,Possible Hijack,1,61468,1567781929000,1567810729
,35374,2019-11-18 10:41:20,,BGP Leak,2,197140,1574044880000,1574073680
,35374,2019-12-19 21:02:42,,BGP Leak,2,197140,1576760562000,1576789362
,35487,2020-01-27 02:10:00,2020-01-27 02:14:00,Outage,3,,1580062200000,1580091000
,35487,2020-02-02 17:34:00,2020-02-02 17:39:00,Outage,3,,1580636040000,1580664840
,35511,2019-11-29 14:00:00,,Outage,3,,1575007200000,1575036000
,35567,2020-01-11 21:39:38,,BGP Leak,2,9146,1578749978000,1578778778
,35567,2020-02-15 07:23:42,,BGP Leak,2,9146,1581722622000,1581751422
,35629,2019-09-29 22:59:00,2019-09-29 23:23:00,Outage,3,,1569769140000,1569797940
,35675,2020-01-03 03:01:29,,BGP Leak,2,3320,1577991689000,1578020489
,35764,2020-01-23 13:48:06,,BGP Leak,2,,1579758486000,1579787286
,35834,2020-01-31 20:20:24,,Possible Hijack,1,2914,1580473224000,1580502024
,35849,2019-09-07 05:35:57,,BGP Leak,2,3910,1567805757000,1567834557
,35849,2019-11-16 11:15:37,,BGP Leak,2,3910,1573874137000,1573902937
,35849,2020-01-18 08:47:37,,BGP Leak,2,3910,1579308457000,1579337257
,35906,2019-10-12 11:38:08,,BGP Leak,2,3910,1570851488000,1570880288
,35906,2019-12-08 12:51:11,,BGP Leak,2,3910,1575780671000,1575809471
,35913,2019-12-21 12:03:32,,Possible Hijack,1,42926,1576901012000,1576929812
,35977,2020-01-10 06:49:21,,BGP Leak,2,13649,1578610161000,1578638961
,35990,2019-09-25 05:48:00,,Outage,3,,1569361680000,1569390480
,35994,2019-10-10 21:17:12,,Possible Hijack,1,7545,1570713432000,1570742232
,35994,2019-11-07 17:33:08,,Possible Hijack,1,49846,1573119188000,1573147988
,35994,2019-11-22 12:29:29,,Possible Hijack,1,5432,1574396969000,1574425769
,36029,2020-02-13 11:22:44,,Possible Hijack,1,52871,1581564164000,1581592964
,36102,2020-02-15 14:37:02,,BGP Leak,2,17088,1581748622000,1581777422
,36224,2019-10-11 06:05:44,,Possible Hijack,1,28573,1570745144000,1570773944
,36271,2019-11-09 13:18:43,,BGP Leak,2,3910,1573276723000,1573305523
,36316,2019-10-25 02:39:50,,BGP Leak,2,11351,1571942390000,1571971190
,36327,2019-11-26 16:11:00,,Outage,3,,1574755860000,1574784660
,36351,2020-03-11 16:23:18,,Possible Hijack,1,7040,1583914998000,1583943798
,36351,2020-03-13 17:37:07,,Possible Hijack,1,140096,1584092227000,1584121027
,36352,2019-10-30 01:08:40,,Possible Hijack,1,13820,1572368920000,1572397720
,36408,2019-12-11 17:32:37,,BGP Leak,2,36408,1576056757000,1576085557
,36408,2020-02-03 11:36:10,,BGP Leak,2,36408,1580700970000,1580729770
,36529,2020-03-03 06:40:00,2020-03-03 06:43:00,Outage,3,,1583188800000,1583217600
,36565,2019-12-27 20:59:19,,BGP Leak,2,30372,1577451559000,1577480359
,36565,2020-02-15 08:57:45,,BGP Leak,2,30372,1581728265000,1581757065
,36695,2020-01-08 20:53:00,,Outage,3,,1578487980000,1578516780
,36695,2020-01-09 23:57:00,,Outage,3,,1578585420000,1578614220
,36734,2019-12-10 15:41:26,,BGP Leak,2,7235,1575963686000,1575992486
,36782,2020-01-01 19:26:00,2020-01-01 19:34:00,Outage,3,,1577877960000,1577906760
,36794,2019-10-05 06:50:00,2019-10-05 06:54:00,Outage,3,,1570229400000,1570258200
,36794,2019-10-09 03:07:00,2019-10-09 03:13:00,Outage,3,,1570561620000,1570590420
,36865,2020-01-16 11:22:00,2020-01-16 11:25:00,Outage,3,,1579144920000,1579173720
,36865,2020-01-21 08:49:00,2020-01-21 08:52:00,Outage,3,,1579567740000,1579596540
,36865,2020-02-22 04:40:00,2020-02-22 04:46:00,Outage,3,,1582317600000,1582346400
,36865,2020-02-22 18:05:00,,Outage,3,,1582365900000,1582394700
,36865,2020-03-14 04:47:00,2020-03-14 04:50:00,Outage,3,,1584132420000,1584161220
,36877,2019-11-12 10:48:00,2019-11-12 11:04:00,Outage,3,,1573526880000,1573555680
,36877,2019-12-15 09:22:00,2019-12-15 09:35:00,Outage,3,,1576372920000,1576401720
,36877,2019-12-15 13:35:00,,Outage,3,,1576388100000,1576416900
,36877,2019-12-15 16:45:00,2019-12-15 16:59:00,Outage,3,,1576399500000,1576428300
,36877,2020-02-09 12:12:00,,Outage,3,,1581221520000,1581250320
,36877,2020-02-17 07:00:00,,Outage,3,,1581894000000,1581922800
,36911,2019-12-02 07:20:00,,Outage,3,,1575242400000,1575271200
,36911,2020-01-22 17:28:00,,Outage,3,,1579685280000,1579714080
,36920,2020-02-13 01:57:00,,Outage,3,,1581530220000,1581559020
,36923,2020-01-20 15:55:00,,Outage,3,,1579506900000,1579535700
,36924,2019-12-12 09:37:06,,Possible Hijack,1,29614,1576114626000,1576143426
,36932,2019-12-19 16:41:48,,Possible Hijack,1,11344,1576744908000,1576773708
,36937,2019-12-06 12:35:10,,Possible Hijack,1,30969,1575606910000,1575635710
,36953,2019-11-13 13:15:16,,Possible Hijack,1,327798,1573622116000,1573650916
,36953,2020-01-08 20:32:26,,Possible Hijack,1,9909,1578486746000,1578515546
,36963,2020-02-07 05:56:00,,Outage,3,,1581026160000,1581054960
,36976,2019-10-26 10:22:30,,BGP Leak,2,36917,1572056550000,1572085350
,36977,2019-10-13 22:29:00,,Outage,3,,1570976940000,1571005740
,36977,2020-02-06 10:49:00,,Outage,3,,1580957340000,1580986140
,36977,2020-02-13 21:40:00,2020-02-13 21:43:00,Outage,3,,1581601200000,1581630000
,36996,2020-01-30 22:34:00,2020-01-30 22:38:00,Outage,3,,1580394840000,1580423640
,36997,2019-09-12 08:54:00,2019-09-12 08:57:00,Outage,3,,1568249640000,1568278440
,36998,2019-09-26 13:56:20,,Possible Hijack,1,24863,1569477380000,1569506180
,37020,2019-11-27 15:40:00,,Possible Hijack,1,377020,1574840400000,1574869200
,37053,2019-11-22 02:33:00,,Outage,3,,1574361180000,1574389980
,37053,2020-01-09 15:57:00,,Outage,3,,1578556620000,1578585420
,37053,2020-02-14 00:34:00,2020-02-14 00:38:00,Outage,3,,1581611640000,1581640440
,37053,2020-03-07 07:47:00,,Outage,3,,1583538420000,1583567220
,37061,2019-09-12 21:51:00,,Outage,3,,1568296260000,1568325060
,37061,2019-11-03 21:35:00,,Outage,3,,1572788100000,1572816900
,37061,2019-11-20 07:52:00,2019-11-20 08:06:00,Outage,3,,1574207520000,1574236320
,37061,2019-11-22 23:34:00,,Outage,3,,1574436840000,1574465640
,37061,2019-12-20 18:04:00,2019-12-20 18:07:00,Outage,3,,1576836240000,1576865040
,37061,2020-01-08 07:34:00,,Outage,3,,1578440040000,1578468840
,37061,2020-01-25 10:46:00,,Outage,3,,1579920360000,1579949160
,37061,2020-02-23 01:25:00,,Outage,3,,1582392300000,1582421100
,37061,2020-02-25 23:21:00,2020-02-25 23:46:00,Outage,3,,1582644060000,1582672860
,37061,2020-02-26 12:33:00,,Outage,3,,1582691580000,1582720380
,37061,2020-03-06 22:20:00,,Outage,3,,1583504400000,1583533200
,37061,2020-03-07 21:40:00,,Outage,3,,1583588400000,1583617200
,37061,2020-03-09 23:14:00,2020-03-09 23:22:00,Outage,3,,1583766840000,1583795640
,37061,2020-03-14 08:45:00,,Outage,3,,1584146700000,1584175500
,37062,2020-01-02 16:10:34,,BGP Leak,2,36917,1577952634000,1577981434
,37063,2019-12-30 07:11:00,2019-12-30 07:15:00,Outage,3,,1577661060000,1577689860
,37069,2019-11-29 17:53:11,,Possible Hijack,1,266445,1575021191000,1575049991
,37069,2020-01-27 10:17:12,,Possible Hijack,1,,1580091432000,1580120232
,37073,2019-09-11 22:07:00,2019-09-11 22:10:00,Outage,3,,1568210820000,1568239620
,37073,2019-11-11 10:00:00,,Outage,3,,1573437600000,1573466400
,37073,2020-01-25 20:51:00,2020-01-25 20:58:00,Outage,3,,1579956660000,1579985460
,37073,2020-03-10 18:04:00,2020-03-10 18:23:00,Outage,3,,1583834640000,1583863440
,37087,2019-09-21 13:28:02,,BGP Leak,2,29614,1569043682000,1569072482
,37087,2019-11-01 20:38:29,,BGP Leak,2,29614,1572611909000,1572640709
,37087,2019-12-27 11:38:42,,BGP Leak,2,29614,1577417922000,1577446722
,37087,2020-02-25 03:40:00,,BGP Leak,2,29614,1582573200000,1582602000
,37088,2020-02-13 15:43:05,,BGP Leak,2,36678,1581579785000,1581608585
,37090,2019-12-13 10:15:40,,BGP Leak,2,37148,1576203340000,1576232140
,37098,2020-02-22 18:12:00,,Outage,3,,1582366320000,1582395120
,37106,2020-02-18 12:46:07,,BGP Leak,2,36678,1582001167000,1582029967
,37121,2019-10-23 07:03:00,2019-10-23 07:06:00,Outage,3,,1571785380000,1571814180
,37123,2019-10-30 09:09:00,,Outage,3,,1572397740000,1572426540
,37126,2020-02-27 19:27:00,,Outage,3,,1582802820000,1582831620
,37155,2020-01-06 12:31:00,2020-01-06 12:38:00,Outage,3,,1578285060000,1578313860
,37155,2020-01-10 10:40:00,,Outage,3,,1578624000000,1578652800
,37155,2020-01-25 05:41:00,2020-01-25 05:44:00,Outage,3,,1579902060000,1579930860
,37164,2019-12-08 17:33:00,,Outage,3,,1575797580000,1575826380
,37170,2019-10-03 22:19:22,,Possible Hijack,1,,1570112362000,1570141162
,37178,2020-02-22 16:04:00,,BGP Leak,2,36678,1582358640000,1582387440
,37187,2020-01-27 14:46:00,,Outage,3,,1580107560000,1580136360
,37187,2020-02-19 15:27:00,,Outage,3,,1582097220000,1582126020
,37200,2020-02-21 19:38:18,,BGP Leak,2,36678,1582285098000,1582313898
,37201,2019-10-12 22:29:37,,BGP Leak,2,37009,1570890577000,1570919377
,37204,2019-10-30 09:09:00,,Outage,3,,1572397740000,1572426540
,37205,2019-12-04 14:22:44,,BGP Leak,2,25543,1575440564000,1575469364
,37208,2020-02-18 19:18:19,,BGP Leak,2,327903,1582024699000,1582053499
,37225,2019-09-09 17:04:00,2019-09-09 17:08:00,Outage,3,,1568019840000,1568048640
,37228,2019-09-27 14:14:13,,BGP Leak,2,36866,1569564853000,1569593653
,37228,2019-11-01 16:39:45,,BGP Leak,2,36866,1572597585000,1572626385
,37229,2019-09-10 11:20:36,,BGP Leak,2,,1568085636000,1568114436
,37232,2020-01-21 06:21:23,,BGP Leak,2,327814,1579558883000,1579587683
,37233,2020-02-09 21:21:39,,BGP Leak,2,36678,1581254499000,1581283299
,37249,2019-12-06 01:39:59,,BGP Leak,2,37148,1575567599000,1575596399
,37249,2020-01-10 13:38:28,,BGP Leak,2,37148,1578634708000,1578663508
,37269,2020-01-22 17:28:00,,Outage,3,,1579685280000,1579714080
,37269,2020-02-17 19:15:00,2020-02-17 19:18:00,Outage,3,,1581938100000,1581966900
,37269,2020-02-21 07:17:00,,Outage,3,,1582240620000,1582269420
,37281,2019-09-25 05:04:00,2019-09-25 05:09:00,Outage,3,,1569359040000,1569387840
,37281,2019-10-01 06:44:00,2019-10-01 06:48:00,Outage,3,,1569883440000,1569912240
,37281,2020-01-08 10:01:00,,Outage,3,,1578448860000,1578477660
,37315,2020-02-14 00:34:00,,Outage,3,,1581611640000,1581640440
,37340,2020-01-20 13:33:56,,BGP Leak,2,36678,1579498436000,1579527236
,37353,2019-09-06 21:28:00,2019-09-06 21:45:00,Outage,3,,1567776480000,1567805280
,37353,2019-10-01 11:38:00,,Outage,3,,1569901080000,1569929880
,37362,2019-12-09 02:11:21,,BGP Leak,2,33765,1575828681000,1575857481
,37377,2020-02-04 17:00:41,,BGP Leak,2,36678,1580806841000,1580835641
,37381,2020-03-11 17:35:00,,Outage,3,,1583919300000,1583948100
,37385,2019-09-16 17:30:26,,BGP Leak,2,37148,1568626226000,1568655026
,37385,2019-10-22 16:23:09,,BGP Leak,2,37148,1571732589000,1571761389
,37385,2019-12-12 09:37:06,,Possible Hijack,1,29614,1576114626000,1576143426
,37385,2019-12-16 16:19:33,,BGP Leak,2,29614,1576484373000,1576513173
,37385,2019-12-17 18:05:14,,BGP Leak,2,37148,1576577114000,1576605914
,37403,2020-01-16 08:34:00,,Outage,3,,1579134840000,1579163640
,37414,2019-12-09 11:59:52,,Possible Hijack,1,43076,1575863992000,1575892792
,37418,2020-02-26 09:55:44,,BGP Leak,2,327903,1582682144000,1582710944
,37453,2019-11-25 20:14:47,,Possible Hijack,1,36873,1574684087000,1574712887
,37457,2020-02-07 10:47:37,,BGP Leak,2,8359,1581043657000,1581072457
,37466,2020-02-01 01:19:35,,BGP Leak,2,8657,1580491175000,1580519975
,37492,2019-09-13 07:02:06,,BGP Leak,2,20485,1568329326000,1568358126
,37531,2020-03-05 22:31:17,,BGP Leak,2,29614,1583418677000,1583447477
,37541,2020-02-27 08:32:00,,Outage,3,,1582763520000,1582792320
,37550,2019-12-16 12:16:23,,Possible Hijack,1,37531,1576469783000,1576498583
,37550,2020-02-02 23:36:00,,Outage,3,,1580657760000,1580686560
,37605,2019-08-31 06:04:10,,BGP Leak,2,37148,1567202650000,1567231450
,37605,2019-12-30 12:34:00,,Outage,3,,1577680440000,1577709240
,37605,2019-12-30 15:25:00,,Outage,3,,1577690700000,1577719500
,37605,2020-01-06 09:06:00,2020-01-06 09:13:00,Outage,3,,1578272760000,1578301560
,37605,2020-03-14 13:05:00,,Outage,3,,1584162300000,1584191100
,37616,2019-11-01 03:52:39,,BGP Leak,2,16058,1572551559000,1572580359
,37629,2019-09-26 14:04:44,,Possible Hijack,1,39356,1569477884000,1569506684
,37650,2019-11-19 22:03:00,,Outage,3,,1574172180000,1574200980
,37650,2020-02-01 15:00:00,,Outage,3,,1580540400000,1580569200
,37667,2019-11-03 08:50:23,,Possible Hijack,1,198949,1572742223000,1572771023
,37672,2020-02-05 20:13:23,,BGP Leak,2,37148,1580904803000,1580933603
,37674,2019-11-27 07:40:08,,Possible Hijack,1,376874,1574811608000,1574840408
,37685,2020-03-11 09:44:04,,BGP Leak,2,36866,1583891044000,1583919844
,37690,2019-10-31 15:16:00,,Outage,3,,1572506160000,1572534960
,37690,2019-12-07 00:00:00,,Outage,3,,1575648000000,1575676800
,37690,2020-01-22 17:28:00,,Outage,3,,1579685280000,1579714080
,37697,2020-01-19 16:46:00,,Outage,3,,1579423560000,1579452360
,37717,2019-12-26 13:50:00,2019-12-26 13:57:00,Outage,3,,1577339400000,1577368200
,37722,2020-02-27 11:30:42,,Possible Hijack,1,51110,1582774242000,1582803042
,37942,2019-10-13 02:06:00,2019-10-13 02:09:00,Outage,3,,1570903560000,1570932360
,37942,2019-12-14 07:31:00,,Outage,3,,1576279860000,1576308660
,37965,2019-12-12 04:52:00,2019-12-12 04:57:00,Outage,3,,1576097520000,1576126320
,37965,2019-12-18 03:28:00,2019-12-18 03:34:00,Outage,3,,1576610880000,1576639680
,37981,2019-12-17 03:00:00,2019-12-17 03:10:00,Outage,3,,1576522800000,1576551600
,37981,2020-02-07 12:21:00,,Outage,3,,1581049260000,1581078060
,38067,2020-03-12 16:25:00,,Outage,3,,1584001500000,1584030300
,38142,2019-10-08 17:20:00,,Outage,3,,1570526400000,1570555200
,38142,2019-11-05 03:12:00,2019-11-05 03:16:00,Outage,3,,1572894720000,1572923520
,38142,2019-11-14 13:53:00,,Outage,3,,1573710780000,1573739580
,38142,2020-01-01 03:04:00,2020-01-01 03:25:00,Outage,3,,1577819040000,1577847840
,38142,2020-01-02 09:02:00,2020-01-02 09:09:00,Outage,3,,1577926920000,1577955720
,38142,2020-02-19 10:23:00,,Outage,3,,1582078980000,1582107780
,38142,2020-03-03 02:15:00,,Outage,3,,1583172900000,1583201700
,38144,2020-01-09 11:36:00,,Outage,3,,1578540960000,1578569760
,38144,2020-01-24 21:28:00,,Outage,3,,1579872480000,1579901280
,38146,2019-12-02 12:00:00,2019-12-02 12:06:00,Outage,3,,1575259200000,1575288000
,38153,2020-01-10 22:21:00,,Outage,3,,1578666060000,1578694860
,38155,2019-09-01 07:02:00,,Outage,3,,1567292520000,1567321320
,38182,2020-01-13 08:50:56,,BGP Leak,2,9655,1578876656000,1578905456
,38182,2020-02-19 04:32:19,,BGP Leak,2,9655,1582057939000,1582086739
,38197,2020-01-13 16:15:00,,Outage,3,,1578903300000,1578932100
,38207,2019-09-10 19:40:00,,Outage,3,,1568115600000,1568144400
,38217,2019-09-24 10:55:08,,Possible Hijack,1,133372,1569293708000,1569322508
,38244,2020-02-25 07:30:24,,Possible Hijack,1,132708,1582587024000,1582615824
,38256,2019-11-20 18:28:00,2019-11-20 18:38:00,Outage,3,,1574245680000,1574274480
,38289,2019-09-03 15:53:00,,Outage,3,,1567497180000,1567525980
,38289,2019-09-03 20:13:00,,Outage,3,,1567512780000,1567541580
,38322,2020-03-13 06:46:42,,Possible Hijack,1,26484,1584053202000,1584082002
,38370,2019-12-06 03:20:00,,Outage,3,,1575573600000,1575602400
,38370,2020-03-11 09:46:00,,Outage,3,,1583891160000,1583919960
,38401,2019-11-30 01:00:00,,Outage,3,,1575046800000,1575075600
,38457,2019-09-19 12:34:00,,Outage,3,,1568867640000,1568896440
,38457,2019-12-20 06:54:00,2019-12-20 06:57:00,Outage,3,,1576796040000,1576824840
,38457,2019-12-20 10:46:00,2019-12-20 10:49:00,Outage,3,,1576809960000,1576838760
,38457,2020-01-20 14:10:00,2020-01-20 14:14:00,Outage,3,,1579500600000,1579529400
,38457,2020-01-20 22:06:00,2020-01-20 22:11:00,Outage,3,,1579529160000,1579557960
,38457,2020-01-21 21:10:00,2020-01-21 21:16:00,Outage,3,,1579612200000,1579641000
,38457,2020-03-10 08:51:00,2020-03-10 08:55:00,Outage,3,,1583801460000,1583830260
,38491,2019-12-04 20:47:02,,BGP Leak,2,23930,1575463622000,1575492422
,38491,2020-01-25 01:13:13,,BGP Leak,2,23930,1579885993000,1579914793
,38500,2019-11-22 01:35:40,,BGP Leak,2,38757,1574357740000,1574386540
,38505,2020-01-03 19:16:00,,Outage,3,,1578050160000,1578078960
,38505,2020-01-24 19:20:00,2020-01-24 19:33:00,Outage,3,,1579864800000,1579893600
,38511,2019-08-28 18:15:00,,Outage,3,,1566987300000,1567016100
,38511,2019-09-27 14:07:00,,Outage,3,,1569564420000,1569593220
,38527,2019-11-06 07:40:00,,BGP Leak,2,7473,1572997200000,1573026000
,38527,2019-12-12 03:28:03,,BGP Leak,2,7473,1576092483000,1576121283
,38527,2020-01-16 04:01:46,,BGP Leak,2,17494,1579118506000,1579147306
,38527,2020-01-18 15:34:16,,BGP Leak,2,7717,1579332856000,1579361656
,38616,2019-12-14 08:34:00,2019-12-14 08:38:00,Outage,3,,1576283640000,1576312440
,38616,2020-01-04 21:34:00,2020-01-04 21:39:00,Outage,3,,1578144840000,1578173640
,38638,2019-11-05 06:25:10,,Possible Hijack,1,38106,1572906310000,1572935110
,38744,2020-02-22 00:25:00,,Outage,3,,1582302300000,1582331100
,38773,2019-09-09 20:08:06,,BGP Leak,2,23679,1568030886000,1568059686
,38773,2019-11-05 03:34:17,,BGP Leak,2,4809,1572896057000,1572924857
,38886,2019-11-29 13:57:40,,BGP Leak,2,132280,1575007060000,1575035860
,38932,2020-01-27 00:51:00,,Outage,3,,1580057460000,1580086260
,38941,2019-10-28 14:38:05,,Possible Hijack,1,35269,1572244685000,1572273485
,39010,2019-12-18 10:08:43,,Possible Hijack,1,6453,1576634923000,1576663723
,39074,2019-09-20 10:42:00,2019-09-20 10:52:00,Outage,3,,1568947320000,1568976120
,39074,2019-09-21 04:26:00,2019-09-21 04:34:00,Outage,3,,1569011160000,1569039960
,39074,2019-10-10 23:34:00,,Outage,3,,1570721640000,1570750440
,39074,2019-10-28 16:41:00,2019-10-28 16:47:00,Outage,3,,1572252060000,1572280860
,39074,2019-11-16 17:28:00,,Outage,3,,1573896480000,1573925280
,39074,2019-11-17 02:09:00,2019-11-17 03:10:00,Outage,3,,1573927740000,1573956540
,39074,2019-11-18 05:16:00,,Outage,3,,1574025360000,1574054160
,39074,2020-01-04 21:13:00,,Outage,3,,1578143580000,1578172380
,39074,2020-01-28 13:57:00,,Outage,3,,1580191020000,1580219820
,39074,2020-03-03 00:42:00,2020-03-03 01:32:00,Outage,3,,1583167320000,1583196120
,39101,2020-02-25 11:55:58,,BGP Leak,2,207056,1582602958000,1582631758
,39176,2019-09-17 13:44:36,,BGP Leak,2,43142,1568699076000,1568727876
,39214,2020-01-05 11:11:02,,BGP Leak,2,12764,1578193862000,1578222662
,39280,2020-02-10 20:45:00,2020-02-10 20:53:00,Outage,3,,1581338700000,1581367500
,39308,2019-11-18 01:26:00,2019-11-18 01:37:00,Outage,3,,1574011560000,1574040360
,39308,2019-11-18 05:16:00,,Outage,3,,1574025360000,1574054160
,39308,2019-11-21 12:41:00,,Outage,3,,1574311260000,1574340060
,39345,2020-01-29 15:17:32,,Possible Hijack,1,33911,1580282252000,1580311052
,39435,2020-01-22 11:26:00,,Outage,3,,1579663560000,1579692360
,39455,2019-12-10 02:20:02,,Possible Hijack,1,198668,1575915602000,1575944402
,39470,2019-09-28 02:45:43,,Possible Hijack,1,3356,1569609943000,1569638743
,39501,2019-12-13 18:13:00,,Outage,3,,1576231980000,1576260780
,39501,2020-03-15 03:49:00,,Outage,3,,1584215340000,1584244140
,39522,2020-02-07 22:55:17,,Possible Hijack,1,3549,1581087317000,1581116117
,39529,2019-09-27 10:02:00,,Outage,3,,1569549720000,1569578520
,39529,2019-10-15 08:06:00,,Outage,3,,1571097960000,1571126760
,39529,2019-10-25 02:49:00,,Outage,3,,1571942940000,1571971740
,39529,2019-10-29 15:28:00,,Outage,3,,1572334080000,1572362880
,39529,2019-12-22 21:04:00,2019-12-22 21:11:00,Outage,3,,1577019840000,1577048640
,39529,2019-12-28 02:05:00,2019-12-28 02:11:00,Outage,3,,1577469900000,1577498700
,39529,2020-01-27 21:04:00,,Outage,3,,1580130240000,1580159040
,39529,2020-03-12 05:51:00,,Outage,3,,1583963460000,1583992260
,39551,2019-12-19 00:40:00,2019-12-19 00:53:00,Outage,3,,1576687200000,1576716000
,39614,2019-09-15 20:04:59,,BGP Leak,2,25291,1568549099000,1568577899
,39650,2019-10-13 10:00:00,2019-10-13 10:04:00,Outage,3,,1570932000000,1570960800
,39650,2019-11-17 11:26:00,2019-11-17 11:38:00,Outage,3,,1573961160000,1573989960
,39659,2020-02-05 04:53:24,,BGP Leak,2,12764,1580849604000,1580878404
,39679,2020-01-11 11:56:00,,Outage,3,,1578714960000,1578743760
,39679,2020-03-01 23:10:00,2020-03-01 23:13:00,Outage,3,,1583075400000,1583104200
,39735,2019-09-04 10:26:44,,BGP Leak,2,196691,1567564004000,1567592804
,39735,2019-11-08 04:37:03,,BGP Leak,2,196691,1573159023000,1573187823
,39735,2019-12-30 05:10:28,,BGP Leak,2,196691,1577653828000,1577682628
,39735,2020-02-13 07:30:33,,BGP Leak,2,196691,1581550233000,1581579033
,39739,2019-10-08 15:39:14,,Possible Hijack,1,61968,1570520354000,1570549154
,39747,2019-11-28 13:13:21,,BGP Leak,2,43109,1574918001000,1574946801
,39782,2020-02-06 23:17:00,,Outage,3,,1581002220000,1581031020
,39789,2019-09-06 07:24:02,,BGP Leak,2,41925,1567725842000,1567754642
,39860,2020-03-04 04:41:34,,BGP Leak,2,9177,1583268094000,1583296894
,39887,2020-03-12 15:32:00,,Outage,3,,1583998320000,1584027120
,39887,2020-03-14 05:09:00,,Outage,3,,1584133740000,1584162540
,39890,2019-09-01 06:08:40,,Possible Hijack,1,134196,1567289320000,1567318120
,39927,2019-10-04 15:36:45,,Possible Hijack,1,36217,1570174605000,1570203405
,40028,2020-03-01 06:28:00,,Outage,3,,1583015280000,1583044080
,40232,2019-11-25 21:00:00,2019-11-25 21:12:00,Outage,3,,1574686800000,1574715600
,40326,2019-11-13 05:23:00,2019-11-13 05:34:00,Outage,3,,1573593780000,1573622580
,40676,2020-01-31 12:56:33,,Possible Hijack,1,51559,1580446593000,1580475393
,40718,2019-09-10 04:55:30,,BGP Leak,2,11847,1568062530000,1568091330
,40718,2019-11-23 05:06:58,,BGP Leak,2,11847,1574456818000,1574485618
,40749,2020-03-04 14:01:00,,Outage,3,,1583301660000,1583330460
,40749,2020-03-06 19:28:00,,Outage,3,,1583494080000,1583522880
,40812,2020-01-29 05:20:00,2020-01-29 05:24:00,Outage,3,,1580246400000,1580275200
,41032,2019-11-07 10:50:00,,Outage,3,,1573095000000,1573123800
,41032,2020-02-17 12:20:00,2020-02-17 12:24:00,Outage,3,,1581913200000,1581942000
,41032,2020-02-17 16:34:00,,Outage,3,,1581928440000,1581957240
,41039,2019-12-15 18:40:00,2019-12-15 18:44:00,Outage,3,,1576406400000,1576435200
,41055,2020-01-29 23:05:00,2020-01-29 23:08:00,Outage,3,,1580310300000,1580339100
,41055,2020-03-05 12:50:00,,Outage,3,,1583383800000,1583412600
,41095,2020-03-05 05:54:57,,Possible Hijack,1,134687,1583358897000,1583387697
,41096,2020-01-31 03:06:00,2020-01-31 03:16:00,Outage,3,,1580411160000,1580439960
,41106,2019-09-03 12:27:54,,BGP Leak,2,199782,1567484874000,1567513674
,41108,2019-10-31 20:54:39,,Possible Hijack,1,12679,1572526479000,1572555279
,41164,2019-12-12 08:31:41,,Possible Hijack,1,1299,1576110701000,1576139501
,41201,2019-12-25 04:33:00,,Outage,3,,1577219580000,1577248380
,41281,2019-11-06 21:12:43,,BGP Leak,2,,1573045963000,1573074763
,41281,2019-12-12 15:19:49,,BGP Leak,2,,1576135189000,1576163989
,41359,2020-02-29 10:03:04,,Possible Hijack,1,60377,1582941784000,1582970584
,41371,2020-03-05 15:16:00,2020-03-05 15:20:00,Outage,3,,1583392560000,1583421360
,41371,2020-03-07 19:54:00,2020-03-07 19:59:00,Outage,3,,1583582040000,1583610840
,41460,2020-02-19 13:55:08,,BGP Leak,2,25086,1582091708000,1582120508
,41493,2020-01-31 22:41:42,,Possible Hijack,1,3356,1580481702000,1580510502
,41552,2020-01-08 11:20:57,,Possible Hijack,1,3549,1578453657000,1578482457
,41639,2019-12-30 12:41:15,,BGP Leak,2,59796,1577680875000,1577709675
,41676,2020-01-11 23:40:00,2020-01-11 23:43:00,Outage,3,,1578757200000,1578786000
,41676,2020-01-17 18:30:00,2020-01-17 18:34:00,Outage,3,,1579257000000,1579285800
,41810,2019-12-17 00:08:00,2019-12-17 00:11:00,Outage,3,,1576512480000,1576541280
,41820,2019-09-03 22:50:00,2019-09-03 22:59:00,Outage,3,,1567522200000,1567551000
,41940,2020-01-02 20:47:12,,BGP Leak,2,,1577969232000,1577998032
,41940,2020-03-09 09:44:39,,BGP Leak,2,,1583718279000,1583747079
,41976,2019-09-23 11:46:00,2019-09-23 11:57:00,Outage,3,,1569210360000,1569239160
,42190,2019-11-01 22:18:32,,BGP Leak,2,20485,1572617912000,1572646712
,42314,2019-09-26 10:24:00,2019-09-26 10:33:00,Outage,3,,1569464640000,1569493440
,42314,2019-11-30 02:07:00,,Outage,3,,1575050820000,1575079620
,42314,2020-01-02 07:40:00,,Outage,3,,1577922000000,1577950800
,42314,2020-02-18 09:46:00,,Outage,3,,1581990360000,1582019160
,42334,2019-12-17 10:23:00,2019-12-17 10:30:00,Outage,3,,1576549380000,1576578180
,42396,2019-12-12 03:51:00,2019-12-12 04:08:00,Outage,3,,1576093860000,1576122660
,42473,2019-10-25 08:55:02,,Possible Hijack,1,,1571964902000,1571993702
,42555,2019-10-11 09:28:00,2019-10-11 09:34:00,Outage,3,,1570757280000,1570786080
,42555,2019-11-13 11:24:00,2019-11-13 11:46:00,Outage,3,,1573615440000,1573644240
,42555,2019-11-27 09:48:00,2019-11-27 09:51:00,Outage,3,,1574819280000,1574848080
,42555,2019-11-28 12:47:00,2019-11-28 13:18:00,Outage,3,,1574916420000,1574945220
,42555,2020-01-20 12:27:00,2020-01-20 12:31:00,Outage,3,,1579494420000,1579523220
,42745,2019-11-16 04:29:48,,Possible Hijack,1,51558,1573849788000,1573878588
,42821,2020-02-25 03:23:00,2020-02-25 03:27:00,Outage,3,,1582572180000,1582600980
,42868,2020-02-11 19:20:00,,Possible Hijack,1,9121,1581420000000,1581448800
,42926,2020-01-20 11:13:40,,BGP Leak,2,43391,1579490020000,1579518820
,42932,2020-01-02 20:35:49,,BGP Leak,2,9002,1577968549000,1577997349
,42932,2020-01-28 17:47:26,,BGP Leak,2,5588,1580204846000,1580233646
,42935,2019-12-29 18:09:00,2019-12-29 18:23:00,Outage,3,,1577614140000,1577642940
,43111,2019-09-30 02:53:00,2019-09-30 02:56:00,Outage,3,,1569783180000,1569811980
,43256,2019-10-08 15:34:38,,BGP Leak,2,36917,1570520078000,1570548878
,43256,2019-11-09 07:38:02,,BGP Leak,2,36917,1573256282000,1573285082
,43256,2019-12-18 14:39:11,,BGP Leak,2,36917,1576651151000,1576679951
,43256,2020-02-04 21:43:19,,Possible Hijack,1,37020,1580823799000,1580852599
,43260,2019-11-09 14:27:46,,BGP Leak,2,15129,1573280866000,1573309666
,43279,2019-12-05 09:12:46,,Possible Hijack,1,6453,1575508366000,1575537166
,43343,2019-09-20 10:43:00,2019-09-20 10:52:00,Outage,3,,1568947380000,1568976180
,43343,2019-10-14 22:12:00,,Outage,3,,1571062320000,1571091120
,43343,2019-11-17 11:26:00,2019-11-17 11:39:00,Outage,3,,1573961160000,1573989960
,43343,2019-11-19 14:25:00,,Outage,3,,1574144700000,1574173500
,43343,2020-01-27 05:41:00,2020-01-27 05:54:00,Outage,3,,1580074860000,1580103660
,43343,2020-03-03 00:41:00,2020-03-03 01:32:00,Outage,3,,1583167260000,1583196060
,43343,2020-03-03 02:56:00,2020-03-03 03:01:00,Outage,3,,1583175360000,1583204160
,43350,2020-01-24 05:35:57,,Possible Hijack,1,51559,1579815357000,1579844157
,43373,2019-09-12 07:36:14,,BGP Leak,2,43766,1568244974000,1568273774
,43391,2019-12-30 23:00:00,2019-12-30 23:13:00,Outage,3,,1577718000000,1577746800
,43395,2020-01-27 05:41:00,2020-01-27 05:54:00,Outage,3,,1580074860000,1580103660
,43462,2019-11-25 13:03:03,,BGP Leak,2,43061,1574658183000,1574686983
,43462,2020-02-02 08:26:59,,BGP Leak,2,43061,1580603219000,1580632019
,43543,2020-03-05 19:39:18,,BGP Leak,2,9002,1583408358000,1583437158
,43549,2020-03-12 20:16:37,,BGP Leak,2,1836,1584015397000,1584044197
,43550,2019-10-30 10:57:00,,Outage,3,,1572404220000,1572433020
,43554,2019-12-20 18:37:00,,Outage,3,,1576838220000,1576867020
,43561,2019-12-19 00:21:58,,BGP Leak,2,39135,1576686118000,1576714918
,43586,2019-09-18 21:19:55,,BGP Leak,2,9002,1568812795000,1568841595
,43586,2019-10-22 12:39:59,,BGP Leak,2,9002,1571719199000,1571747999
,43586,2019-12-27 11:26:29,,BGP Leak,2,9002,1577417189000,1577445989
,43627,2019-11-07 23:55:51,,BGP Leak,2,34120,1573142151000,1573170951
,43659,2019-10-11 09:28:00,,Outage,3,,1570757280000,1570786080
,43659,2019-11-13 11:22:00,,Outage,3,,1573615320000,1573644120
,43659,2019-11-28 12:45:00,,Outage,3,,1574916300000,1574945100
,43659,2020-01-20 12:26:00,,Outage,3,,1579494360000,1579523160
,43677,2020-01-01 22:56:57,,BGP Leak,2,39582,1577890617000,1577919417
,43766,2019-11-02 19:40:08,,Possible Hijack,1,14127,1572694808000,1572723608
,43766,2020-02-06 10:33:22,,Possible Hijack,1,30844,1580956402000,1580985202
,43818,2019-11-30 16:31:43,,Possible Hijack,1,15836,1575102703000,1575131503
,43824,2020-01-02 22:59:17,,Possible Hijack,1,202987,1577977157000,1578005957
,43847,2020-03-13 08:09:00,2020-03-13 08:12:00,Outage,3,,1584058140000,1584086940
,43865,2019-11-22 14:39:36,,BGP Leak,2,59796,1574404776000,1574433576
,43873,2020-03-11 12:15:00,,Outage,3,,1583900100000,1583928900
,43873,2020-03-12 05:55:00,,Outage,3,,1583963700000,1583992500
,43873,2020-03-14 07:39:58,,BGP Leak,2,,1584142798000,1584171598
,43948,2019-10-04 11:03:23,,Possible Hijack,1,51956,1570158203000,1570187003
,44050,2019-09-20 05:43:49,,Possible Hijack,1,12883,1568929429000,1568958229
,44050,2019-11-29 17:52:44,,Possible Hijack,1,266445,1575021164000,1575049964
,44050,2020-02-17 09:32:00,2020-02-17 09:35:00,Outage,3,,1581903120000,1581931920
,44050,2020-02-28 14:35:00,,Outage,3,,1582871700000,1582900500
,44092,2020-02-04 07:10:00,,Outage,3,,1580771400000,1580800200
,44261,2019-09-06 18:04:44,,BGP Leak,2,39582,1567764284000,1567793084
,44261,2019-11-16 20:56:11,,BGP Leak,2,39582,1573908971000,1573937771
,44261,2019-12-18 04:37:40,,BGP Leak,2,39582,1576615060000,1576643860
,44261,2020-02-12 00:18:31,,BGP Leak,2,39582,1581437911000,1581466711
,44273,2020-02-20 10:13:18,,Possible Hijack,1,20773,1582164798000,1582193598
,44395,2020-01-10 00:34:00,2020-01-10 00:37:00,Outage,3,,1578587640000,1578616440
,44395,2020-02-08 11:20:00,2020-02-08 11:35:00,Outage,3,,1581132000000,1581160800
,44400,2019-11-16 17:28:00,2019-11-16 17:42:00,Outage,3,,1573896480000,1573925280
,44400,2019-11-18 01:26:00,2019-11-18 01:37:00,Outage,3,,1574011560000,1574040360
,44400,2019-11-18 05:16:00,,Outage,3,,1574025360000,1574054160
,44400,2020-03-03 01:00:00,2020-03-03 01:07:00,Outage,3,,1583168400000,1583197200
,44484,2019-12-28 18:55:00,,Outage,3,,1577530500000,1577559300
,44484,2020-02-06 08:56:00,,Outage,3,,1580950560000,1580979360
,44525,2020-01-30 00:31:00,,Outage,3,,1580315460000,1580344260
,44539,2019-11-06 06:05:16,,Possible Hijack,1,47694,1572991516000,1573020316
,44540,2019-12-02 08:01:43,,BGP Leak,2,42104,1575244903000,1575273703
,44540,2019-12-12 01:05:08,,BGP Leak,2,61382,1576083908000,1576112708
,44558,2020-02-28 07:57:00,,Outage,3,,1582847820000,1582876620
,44558,2020-03-06 15:20:00,2020-03-06 15:48:00,Outage,3,,1583479200000,1583508000
,44563,2019-09-17 08:55:00,2019-09-17 09:32:00,Outage,3,,1568681700000,1568710500
,44563,2019-09-27 07:14:00,,Outage,3,,1569539640000,1569568440
,44565,2019-10-04 08:56:43,,BGP Leak,2,43391,1570150603000,1570179403
,44565,2019-12-23 19:53:59,,BGP Leak,2,43391,1577102039000,1577130839
,44565,2020-03-04 13:58:44,,BGP Leak,2,43391,1583301524000,1583330324
,44572,2019-12-12 13:54:17,,BGP Leak,2,61382,1576130057000,1576158857
,44592,2019-10-04 10:38:08,,Possible Hijack,1,209623,1570156688000,1570185488
,44592,2020-02-05 16:00:00,2020-02-05 16:17:00,Outage,3,,1580889600000,1580918400
,44592,2020-03-06 12:54:00,2020-03-06 12:59:00,Outage,3,,1583470440000,1583499240
,44676,2020-03-03 09:27:57,,Possible Hijack,1,8100,1583198877000,1583227677
,44682,2020-02-23 10:17:00,2020-02-23 10:27:00,Outage,3,,1582424220000,1582453020
,44702,2019-11-12 12:08:00,,Outage,3,,1573531680000,1573560480
,44702,2020-02-21 08:04:00,,Outage,3,,1582243440000,1582272240
,44702,2020-02-26 12:35:00,,Outage,3,,1582691700000,1582720500
,44702,2020-02-26 15:54:00,,Outage,3,,1582703640000,1582732440
,44702,2020-03-09 10:35:00,,Outage,3,,1583721300000,1583750100
,44724,2019-10-28 02:28:00,2019-10-28 02:36:00,Outage,3,,1572200880000,1572229680
,44889,2019-09-02 11:13:00,2019-09-02 11:18:00,Outage,3,,1567393980000,1567422780
,44901,2019-10-31 04:04:00,2019-10-31 04:13:00,Outage,3,,1572465840000,1572494640
,44901,2019-11-04 06:15:00,,Outage,3,,1572819300000,1572848100
,44939,2020-03-05 04:13:37,,Possible Hijack,1,203367,1583352817000,1583381617
,44942,2019-10-30 18:03:00,2019-10-30 18:07:00,Outage,3,,1572429780000,1572458580
,44963,2019-09-08 22:06:00,,Outage,3,,1567951560000,1567980360
,44963,2019-09-13 13:37:00,2019-09-13 13:45:00,Outage,3,,1568353020000,1568381820
,44963,2019-11-07 06:21:00,2019-11-07 06:35:00,Outage,3,,1573078860000,1573107660
,44963,2019-12-02 11:41:00,2019-12-02 12:00:00,Outage,3,,1575258060000,1575286860
,45025,2019-11-06 06:05:16,,Possible Hijack,1,47694,1572991516000,1573020316
,45025,2019-11-07 23:43:00,,Outage,3,,1573141380000,1573170180
,45025,2019-11-19 21:05:00,,Outage,3,,1574168700000,1574197500
,45025,2019-12-07 20:51:00,,Outage,3,,1575723060000,1575751860
,45102,2020-02-08 15:28:18,,BGP Leak,2,58453,1581146898000,1581175698
,45146,2019-11-27 18:15:09,,Possible Hijack,1,24482,1574849709000,1574878509
,45178,2019-09-23 05:44:03,,Possible Hijack,1,132471,1569188643000,1569217443
,45237,2019-12-14 16:24:00,2019-12-14 16:35:00,Outage,3,,1576311840000,1576340640
,45237,2020-01-25 19:12:00,,Outage,3,,1579950720000,1579979520
,45237,2020-01-30 04:31:00,2020-01-30 04:35:00,Outage,3,,1580329860000,1580358660
,45246,2019-09-22 10:55:33,,Possible Hijack,1,36992,1569120933000,1569149733
,45254,2020-02-14 08:03:03,,BGP Leak,2,4637,1581638583000,1581667383
,45280,2019-09-03 20:11:00,2019-09-03 21:06:00,Outage,3,,1567512660000,1567541460
,45280,2019-12-11 10:49:00,2019-12-11 10:59:00,Outage,3,,1576032540000,1576061340
,45298,2020-03-09 04:00:00,,BGP Leak,2,58678,1583697600000,1583726400
,45352,2020-03-08 15:05:10,,BGP Leak,2,4809,1583651110000,1583679910
,45356,2020-01-19 15:25:00,2020-01-19 15:31:00,Outage,3,,1579418700000,1579447500
,45356,2020-02-15 16:25:00,2020-02-15 16:32:00,Outage,3,,1581755100000,1581783900
,45356,2020-02-17 06:11:00,,Outage,3,,1581891060000,1581919860
,45363,2020-03-12 10:46:00,,Outage,3,,1583981160000,1584009960
,45382,2019-09-11 08:35:34,,Possible Hijack,1,43260,1568162134000,1568190934